,Games
2021-09-23 08:00:00,Volleyball Cat 1<br>Volleyball Cat 3<br>MOTG Cat 1<br>MOTG Cat 3<br>Mastermind Cat 1<br>Sungka Cat 1<br>Sungka Cat 2<br>Sungka Cat 3<br>Word Factory Cat 1<br>Word Factory Cat 2<br>Word Factory Cat 3<br>Rubik's Cube Cat 2<br>Rubik's Cube Cat 3<br>Speedstacks Cat 2<br>Speedstacks Cat 3<br>ML Cat 1<br>ML Cat 3<br>DOTA Cat 1<br>Basketball Cat 2<br>Table Tennis Cat 1<br>Table Tennis Cat 3
2021-09-23 08:15:00,Volleyball Cat 1<br>Volleyball Cat 2<br>Volleyball Cat 3<br>Dama Cat 1<br>Dama Cat 2<br>MOTG Cat 1<br>MOTG Cat 2<br>Mastermind Cat 1<br>Mastermind Cat 2<br>Sungka Cat 1<br>Sungka Cat 2<br>Word Factory Cat 2<br>Rubik's Cube Cat 1<br>Rubik's Cube Cat 3<br>Speedstacks Cat 2<br>Speedstacks Cat 3<br>GOG Cat 2<br>Sepak Cat 1<br>Ulti Frisbee Cat 1<br>ML Cat 2<br>DOTA Cat 1<br>Basketball Cat 1<br>Basketball Cat 2<br>Basketball Cat 3<br>Table Tennis Cat 1<br>Table Tennis Cat 2<br>Table Tennis Cat 3
2021-09-23 08:30:00,Volleyball Cat 2<br>Badminton Cat 1<br>Badminton Cat 2<br>Dama Cat 3<br>MOTG Cat 1<br>MOTG Cat 2<br>Mastermind Cat 1<br>Sungka Cat 1<br>Sungka Cat 2<br>Sungka Cat 3<br>Word Factory Cat 1<br>Word Factory Cat 2<br>Word Factory Cat 3<br>Rubik's Cube Cat 2<br>Rubik's Cube Cat 3<br>Speedstacks Cat 3<br>GOG Cat 2<br>GOG Cat 3<br>Darts Cat 1<br>ML Cat 1<br>ML Cat 2<br>DOTA Cat 1<br>Basketball Cat 1<br>Table Tennis Cat 2<br>Table Tennis Cat 3
2021-09-23 08:45:00,Volleyball Cat 1<br>Volleyball Cat 2<br>Volleyball Cat 3<br>Badminton Cat 1<br>Badminton Cat 2<br>Dama Cat 3<br>MOTG Cat 1<br>Mastermind Cat 2<br>Mastermind Cat 3<br>Sungka Cat 1<br>Word Factory Cat 1<br>Rubik's Cube Cat 1<br>Rubik's Cube Cat 2<br>Speedstacks Cat 1<br>Speedstacks Cat 2<br>Speedstacks Cat 3<br>GOG Cat 2<br>GOG Cat 3<br>Sepak Cat 1<br>Ulti Frisbee Cat 1<br>ML Cat 2<br>DOTA Cat 1<br>CSGO Cat 1<br>Basketball Cat 1<br>Table Tennis Cat 1
2021-09-23 09:00:00,Badminton Cat 2<br>Dama Cat 3<br>MOTG Cat 1<br>Mastermind Cat 1<br>Mastermind Cat 2<br>Sungka Cat 1<br>Sungka Cat 3<br>Word Factory Cat 2<br>Speedstacks Cat 1<br>Speedstacks Cat 2<br>Speedstacks Cat 3<br>GOG Cat 1<br>GOG Cat 3<br>Ulti Frisbee Cat 2<br>ML Cat 2<br>DOTA Cat 1<br>Table Tennis Cat 1<br>Table Tennis Cat 3
2021-09-23 09:15:00,Volleyball Cat 2<br>Volleyball Cat 3<br>Badminton Cat 1<br>Badminton Cat 3<br>Dama Cat 3<br>MOTG Cat 3<br>Mastermind Cat 2<br>Sungka Cat 2<br>Sungka Cat 3<br>Word Factory Cat 1<br>Word Factory Cat 3<br>Rubik's Cube Cat 3<br>Speedstacks Cat 1<br>GOG Cat 1<br>GOG Cat 3<br>Ulti Frisbee Cat 2<br>ML Cat 1<br>ML Cat 2<br>ML Cat 3<br>DOTA Cat 1<br>CSGO Cat 1<br>Basketball Cat 2<br>Basketball Cat 3<br>Table Tennis Cat 1<br>Table Tennis Cat 2<br>Table Tennis Cat 3
2021-09-23 09:30:00,Volleyball Cat 2<br>Badminton Cat 1<br>Badminton Cat 2<br>Badminton Cat 3<br>Dama Cat 1<br>Dama Cat 2<br>Dama Cat 3<br>MOTG Cat 2<br>MOTG Cat 3<br>Word Factory Cat 1<br>Rubik's Cube Cat 2<br>Speedstacks Cat 2<br>GOG Cat 1<br>GOG Cat 2<br>GOG Cat 3<br>Sepak Cat 1<br>Ulti Frisbee Cat 2<br>ML Cat 1<br>ML Cat 3<br>DOTA Cat 1<br>Basketball Cat 2<br>Basketball Cat 3<br>Table Tennis Cat 1
2021-09-23 09:45:00,Volleyball Cat 1<br>Volleyball Cat 3<br>Badminton Cat 3<br>Dama Cat 3<br>MOTG Cat 2<br>MOTG Cat 3<br>Sungka Cat 2<br>Word Factory Cat 2<br>Rubik's Cube Cat 2<br>Rubik's Cube Cat 3<br>Speedstacks Cat 2<br>Speedstacks Cat 3<br>GOG Cat 1<br>GOG Cat 3<br>Darts Cat 1<br>Ulti Frisbee Cat 2<br>ML Cat 1<br>ML Cat 3<br>CSGO Cat 1<br>Basketball Cat 1<br>Table Tennis Cat 1<br>Table Tennis Cat 2
2021-09-23 10:00:00,Volleyball Cat 2<br>Dama Cat 1<br>Dama Cat 3<br>MOTG Cat 3<br>Mastermind Cat 1<br>Mastermind Cat 3<br>Sungka Cat 1<br>Sungka Cat 2<br>Word Factory Cat 1<br>Rubik's Cube Cat 1<br>GOG Cat 1<br>GOG Cat 2<br>GOG Cat 3<br>Darts Cat 1<br>Sepak Cat 1<br>DOTA Cat 1<br>Basketball Cat 2
2021-09-23 10:15:00,Volleyball Cat 2<br>Badminton Cat 1<br>Badminton Cat 2<br>Dama Cat 1<br>Dama Cat 2<br>MOTG Cat 1<br>MOTG Cat 2<br>Mastermind Cat 1<br>Mastermind Cat 2<br>Mastermind Cat 3<br>Word Factory Cat 2<br>Word Factory Cat 3<br>Rubik's Cube Cat 1<br>Rubik's Cube Cat 2<br>Speedstacks Cat 2<br>Darts Cat 1<br>Ulti Frisbee Cat 1<br>Ulti Frisbee Cat 2<br>ML Cat 1<br>Basketball Cat 3<br>Table Tennis Cat 1
2021-09-23 10:30:00,Volleyball Cat 1<br>Volleyball Cat 2<br>Badminton Cat 1<br>Dama Cat 3<br>MOTG Cat 2<br>MOTG Cat 3<br>Sungka Cat 1<br>Sungka Cat 2<br>Sungka Cat 3<br>Word Factory Cat 1<br>Word Factory Cat 2<br>Rubik's Cube Cat 1<br>Rubik's Cube Cat 2<br>Rubik's Cube Cat 3<br>Speedstacks Cat 1<br>Speedstacks Cat 2<br>GOG Cat 1<br>GOG Cat 2<br>Ulti Frisbee Cat 1<br>ML Cat 2<br>ML Cat 3<br>DOTA Cat 1<br>CSGO Cat 1<br>Basketball Cat 2<br>Basketball Cat 3<br>Table Tennis Cat 3
2021-09-23 10:45:00,Volleyball Cat 2<br>Volleyball Cat 3<br>Badminton Cat 1<br>MOTG Cat 1<br>MOTG Cat 3<br>Mastermind Cat 1<br>Sungka Cat 1<br>Word Factory Cat 2<br>Rubik's Cube Cat 1<br>Speedstacks Cat 1<br>Speedstacks Cat 3<br>Darts Cat 1<br>Sepak Cat 1<br>Ulti Frisbee Cat 1<br>Ulti Frisbee Cat 2<br>ML Cat 1<br>ML Cat 2<br>DOTA Cat 1<br>Basketball Cat 2<br>Table Tennis Cat 1<br>Table Tennis Cat 2
2021-09-23 11:00:00,Volleyball Cat 2<br>Volleyball Cat 3<br>Badminton Cat 1<br>Badminton Cat 3<br>Dama Cat 2<br>Dama Cat 3<br>MOTG Cat 2<br>Mastermind Cat 2<br>Mastermind Cat 3<br>Sungka Cat 2<br>Word Factory Cat 1<br>Word Factory Cat 2<br>Rubik's Cube Cat 2<br>Speedstacks Cat 2<br>GOG Cat 1<br>GOG Cat 2<br>Ulti Frisbee Cat 1<br>ML Cat 2<br>Basketball Cat 1<br>Basketball Cat 3
2021-09-23 11:15:00,Volleyball Cat 2<br>Volleyball Cat 3<br>Badminton Cat 1<br>Badminton Cat 2<br>Badminton Cat 3<br>Dama Cat 1<br>MOTG Cat 1<br>MOTG Cat 2<br>Mastermind Cat 2<br>Sungka Cat 1<br>Sungka Cat 3<br>Word Factory Cat 2<br>Word Factory Cat 3<br>Rubik's Cube Cat 2<br>Speedstacks Cat 1<br>Speedstacks Cat 2<br>Speedstacks Cat 3<br>Ulti Frisbee Cat 1<br>ML Cat 1<br>ML Cat 2<br>ML Cat 3<br>CSGO Cat 1<br>Basketball Cat 1<br>Basketball Cat 3<br>Table Tennis Cat 1<br>Table Tennis Cat 2
2021-09-23 11:30:00,Volleyball Cat 1<br>Volleyball Cat 2<br>Volleyball Cat 3<br>Badminton Cat 1<br>Badminton Cat 2<br>Badminton Cat 3<br>Dama Cat 3<br>MOTG Cat 2<br>MOTG Cat 3<br>Mastermind Cat 1<br>Mastermind Cat 3<br>Sungka Cat 1<br>Word Factory Cat 3<br>Rubik's Cube Cat 1<br>Rubik's Cube Cat 2<br>Rubik's Cube Cat 3<br>Speedstacks Cat 1<br>Speedstacks Cat 3<br>GOG Cat 2<br>Darts Cat 1<br>Ulti Frisbee Cat 1<br>Ulti Frisbee Cat 2<br>ML Cat 1<br>DOTA Cat 1<br>Basketball Cat 1<br>Table Tennis Cat 2<br>Table Tennis Cat 3
2021-09-23 11:45:00,Volleyball Cat 2<br>Volleyball Cat 3<br>Badminton Cat 1<br>Badminton Cat 3<br>Dama Cat 2<br>Dama Cat 3<br>MOTG Cat 3<br>Sungka Cat 2<br>Sungka Cat 3<br>Speedstacks Cat 1<br>Speedstacks Cat 2<br>GOG Cat 1<br>GOG Cat 3<br>Darts Cat 1<br>Ulti Frisbee Cat 2<br>ML Cat 2<br>DOTA Cat 1<br>CSGO Cat 1<br>Basketball Cat 2<br>Basketball Cat 3<br>Table Tennis Cat 2
2021-09-23 12:00:00,Volleyball Cat 1<br>Volleyball Cat 2<br>Volleyball Cat 3<br>Badminton Cat 1<br>Badminton Cat 2<br>Badminton Cat 3<br>Dama Cat 1<br>Dama Cat 2<br>Sungka Cat 1<br>Sungka Cat 3<br>Word Factory Cat 2<br>Word Factory Cat 3<br>Rubik's Cube Cat 1<br>Speedstacks Cat 1<br>GOG Cat 2<br>Sepak Cat 1<br>Ulti Frisbee Cat 1<br>Ulti Frisbee Cat 2<br>ML Cat 1<br>Basketball Cat 2
2021-09-23 12:15:00,Volleyball Cat 1<br>Badminton Cat 2<br>Badminton Cat 3<br>MOTG Cat 1<br>MOTG Cat 2<br>Mastermind Cat 2<br>Sungka Cat 1<br>Sungka Cat 3<br>Rubik's Cube Cat 1<br>Rubik's Cube Cat 2<br>Rubik's Cube Cat 3<br>Speedstacks Cat 2<br>GOG Cat 2<br>Darts Cat 1<br>Sepak Cat 1<br>Ulti Frisbee Cat 2<br>DOTA Cat 1<br>CSGO Cat 1<br>Basketball Cat 1<br>Basketball Cat 3<br>Table Tennis Cat 1<br>Table Tennis Cat 2
2021-09-23 12:30:00,Volleyball Cat 1<br>Volleyball Cat 2<br>Volleyball Cat 3<br>Badminton Cat 3<br>Dama Cat 1<br>MOTG Cat 2<br>Mastermind Cat 3<br>Sungka Cat 1<br>Word Factory Cat 1<br>Rubik's Cube Cat 1<br>Rubik's Cube Cat 3<br>Speedstacks Cat 3<br>GOG Cat 1<br>GOG Cat 3<br>ML Cat 1<br>ML Cat 2<br>DOTA Cat 1<br>Basketball Cat 1<br>Table Tennis Cat 3
2021-09-23 12:45:00,Volleyball Cat 1<br>Volleyball Cat 2<br>Volleyball Cat 3<br>Badminton Cat 2<br>Badminton Cat 3<br>Dama Cat 2<br>MOTG Cat 1<br>MOTG Cat 3<br>Mastermind Cat 3<br>Sungka Cat 1<br>Sungka Cat 3<br>Word Factory Cat 1<br>Speedstacks Cat 2<br>Speedstacks Cat 3<br>GOG Cat 3<br>Darts Cat 1<br>Sepak Cat 1<br>Ulti Frisbee Cat 1<br>ML Cat 1<br>DOTA Cat 1<br>Basketball Cat 1<br>Basketball Cat 2<br>Table Tennis Cat 1
2021-09-23 13:00:00,Volleyball Cat 2<br>Volleyball Cat 3<br>Badminton Cat 1<br>Badminton Cat 2<br>Dama Cat 1<br>MOTG Cat 3<br>Mastermind Cat 2<br>Mastermind Cat 3<br>Word Factory Cat 2<br>Rubik's Cube Cat 1<br>Rubik's Cube Cat 3<br>Speedstacks Cat 3<br>GOG Cat 3<br>Sepak Cat 1<br>ML Cat 1<br>DOTA Cat 1<br>CSGO Cat 1<br>Basketball Cat 2<br>Basketball Cat 3<br>Table Tennis Cat 1
2021-09-23 13:15:00,Volleyball Cat 1<br>Volleyball Cat 3<br>Badminton Cat 2<br>Badminton Cat 3<br>Dama Cat 1<br>Dama Cat 2<br>MOTG Cat 2<br>Mastermind Cat 2<br>Sungka Cat 1<br>Sungka Cat 2<br>Word Factory Cat 1<br>Word Factory Cat 2<br>Word Factory Cat 3<br>Speedstacks Cat 1<br>Speedstacks Cat 3<br>GOG Cat 2<br>GOG Cat 3<br>Darts Cat 1<br>ML Cat 1<br>ML Cat 2<br>ML Cat 3<br>DOTA Cat 1<br>CSGO Cat 1<br>Basketball Cat 1<br>Basketball Cat 3<br>Table Tennis Cat 1<br>Table Tennis Cat 3
2021-09-23 13:30:00,Volleyball Cat 1<br>Volleyball Cat 2<br>Volleyball Cat 3<br>Badminton Cat 1<br>Badminton Cat 2<br>Badminton Cat 3<br>Dama Cat 3<br>MOTG Cat 1<br>MOTG Cat 2<br>MOTG Cat 3<br>Mastermind Cat 1<br>Mastermind Cat 3<br>Sungka Cat 1<br>Word Factory Cat 2<br>Rubik's Cube Cat 2<br>Speedstacks Cat 2<br>Speedstacks Cat 3<br>GOG Cat 2<br>Darts Cat 1<br>Sepak Cat 1<br>Ulti Frisbee Cat 2<br>ML Cat 2<br>ML Cat 3<br>Basketball Cat 1<br>Basketball Cat 2<br>Basketball Cat 3<br>Table Tennis Cat 2<br>Table Tennis Cat 3
2021-09-23 13:45:00,Volleyball Cat 3<br>Dama Cat 1<br>MOTG Cat 2<br>MOTG Cat 3<br>Mastermind Cat 1<br>Mastermind Cat 2<br>Mastermind Cat 3<br>Sungka Cat 3<br>Word Factory Cat 1<br>Rubik's Cube Cat 2<br>Speedstacks Cat 3<br>GOG Cat 2<br>GOG Cat 3<br>Darts Cat 1<br>Sepak Cat 1<br>ML Cat 2<br>ML Cat 3<br>Basketball Cat 1<br>Basketball Cat 2<br>Table Tennis Cat 2<br>Table Tennis Cat 3
2021-09-23 14:00:00,Volleyball Cat 1<br>Volleyball Cat 3<br>Badminton Cat 1<br>Badminton Cat 2<br>Dama Cat 2<br>Dama Cat 3<br>MOTG Cat 1<br>MOTG Cat 2<br>Mastermind Cat 1<br>Sungka Cat 1<br>Word Factory Cat 3<br>Rubik's Cube Cat 3<br>Speedstacks Cat 1<br>GOG Cat 1<br>GOG Cat 3<br>Darts Cat 1<br>ML Cat 3<br>DOTA Cat 1<br>Basketball Cat 1<br>Basketball Cat 2<br>Table Tennis Cat 2
2021-09-23 14:15:00,Volleyball Cat 1<br>Badminton Cat 1<br>Badminton Cat 3<br>Dama Cat 1<br>Dama Cat 2<br>Dama Cat 3<br>Mastermind Cat 1<br>Mastermind Cat 2<br>Mastermind Cat 3<br>Word Factory Cat 1<br>Word Factory Cat 2<br>Rubik's Cube Cat 1<br>Rubik's Cube Cat 3<br>Speedstacks Cat 2<br>Speedstacks Cat 3<br>GOG Cat 2<br>Darts Cat 1<br>Ulti Frisbee Cat 1<br>Ulti Frisbee Cat 2<br>ML Cat 3<br>CSGO Cat 1<br>Basketball Cat 3
2021-09-23 14:30:00,Volleyball Cat 1<br>Badminton Cat 1<br>Dama Cat 3<br>MOTG Cat 3<br>Mastermind Cat 1<br>Mastermind Cat 2<br>Sungka Cat 2<br>Sungka Cat 3<br>Word Factory Cat 1<br>Word Factory Cat 2<br>Rubik's Cube Cat 1<br>Rubik's Cube Cat 2<br>Speedstacks Cat 1<br>Speedstacks Cat 2<br>GOG Cat 3<br>Darts Cat 1<br>Sepak Cat 1<br>Ulti Frisbee Cat 1<br>ML Cat 1<br>ML Cat 2<br>DOTA Cat 1
2021-09-23 14:45:00,Volleyball Cat 3<br>Badminton Cat 2<br>Badminton Cat 3<br>MOTG Cat 3<br>Mastermind Cat 1<br>Sungka Cat 1<br>Sungka Cat 2<br>Sungka Cat 3<br>Word Factory Cat 2<br>Speedstacks Cat 1<br>Sepak Cat 1<br>Ulti Frisbee Cat 1<br>Ulti Frisbee Cat 2<br>ML Cat 2<br>ML Cat 3<br>CSGO Cat 1<br>Table Tennis Cat 1<br>Table Tennis Cat 2<br>Table Tennis Cat 3
2021-09-23 15:00:00,Volleyball Cat 1<br>Volleyball Cat 3<br>Badminton Cat 2<br>Badminton Cat 3<br>Dama Cat 1<br>Dama Cat 2<br>MOTG Cat 1<br>MOTG Cat 2<br>Mastermind Cat 3<br>Sungka Cat 3<br>Word Factory Cat 1<br>Speedstacks Cat 2<br>Speedstacks Cat 3<br>GOG Cat 2<br>Ulti Frisbee Cat 1<br>ML Cat 1<br>ML Cat 2<br>ML Cat 3<br>DOTA Cat 1
2021-09-23 15:15:00,Volleyball Cat 3<br>Badminton Cat 1<br>Badminton Cat 2<br>Badminton Cat 3<br>Dama Cat 2<br>Dama Cat 3<br>MOTG Cat 1<br>MOTG Cat 2<br>MOTG Cat 3<br>Mastermind Cat 2<br>Sungka Cat 2<br>Sungka Cat 3<br>Word Factory Cat 1<br>Word Factory Cat 2<br>Rubik's Cube Cat 2<br>Rubik's Cube Cat 3<br>Speedstacks Cat 1<br>Speedstacks Cat 2<br>Speedstacks Cat 3<br>GOG Cat 1<br>Darts Cat 1<br>Sepak Cat 1<br>Ulti Frisbee Cat 1<br>ML Cat 2<br>DOTA Cat 1<br>CSGO Cat 1<br>Basketball Cat 1<br>Basketball Cat 2<br>Basketball Cat 3
2021-09-23 15:30:00,Volleyball Cat 2<br>Volleyball Cat 3<br>Dama Cat 1<br>Dama Cat 2<br>MOTG Cat 2<br>Mastermind Cat 1<br>Mastermind Cat 2<br>Mastermind Cat 3<br>Sungka Cat 2<br>Sungka Cat 3<br>Word Factory Cat 1<br>Rubik's Cube Cat 2<br>Speedstacks Cat 1<br>GOG Cat 1<br>GOG Cat 2<br>GOG Cat 3<br>Darts Cat 1<br>Ulti Frisbee Cat 2<br>ML Cat 1<br>CSGO Cat 1<br>Basketball Cat 2<br>Basketball Cat 3<br>Table Tennis Cat 1<br>Table Tennis Cat 2<br>Table Tennis Cat 3
2021-09-23 15:45:00,Volleyball Cat 3<br>Badminton Cat 2<br>Mastermind Cat 1<br>Mastermind Cat 3<br>Sungka Cat 2<br>Word Factory Cat 1<br>Word Factory Cat 2<br>Rubik's Cube Cat 2<br>Rubik's Cube Cat 3<br>Speedstacks Cat 1<br>GOG Cat 3<br>Ulti Frisbee Cat 1<br>DOTA Cat 1<br>CSGO Cat 1<br>Basketball Cat 3<br>Table Tennis Cat 1<br>Table Tennis Cat 3
